{
    "localization": {
        "accuracy": 67.83036551077788,
        "gorodkin": 0.6113113794743559
    },
    "membrane": {
        "accuracy": 88.3552014995314,
        "overall_MCC": 0.0
    }
}