epoch,loc_loss,loc_acc,mem_loss,mem_acc
1,1.7744659518494326,35.21987205348395,0.48567063931156607,78.56607688317676
2,1.5097198398674236,46.469944095441186,0.39474623562658534,84.73286842256931
3,1.4250718109747942,49.4438360901389,0.38072921927360925,85.464814708086
4,1.3808175895143957,51.25929341248343,0.3823326200465946,85.33225750677195
5,1.3055254799478195,53.50700247824333,0.3682535460547489,86.09878393176186
